X,GradeLevel,2018-19,add1,Student.Course.Outcomes,2019-20,2020-21,add2,X.1,District,StudentGroup
Al Grades,Al Grades,NA,NA,16.1% 11.8% 5.3%,16.1%,11.8%,5.3%,,Aberdeen School District,Low-Income
Al Grades,Al Grades,NA,NA,9.5% 6.6% 2.1%,9.5%,6.6%,2.1%,,Aberdeen School District,Non-Low Income
Al Grades 1.7%,Al Grades ,1.7%,NA,1.2% 5.2%,1.2%,5.2%,NA,,Adna School District,Low-Income
Al Grades 0.9%,Al Grades ,0.9%,NA,0.5% 1.2%,0.5%,1.2%,NA,,Adna School District,Non-Low Income
Al Grades,Al Grades,NA,NA,7.3% 3.3% 3.2%,7.3%,3.3%,3.2%,,Anacortes School District,Low-Income
Al Grades,Al Grades,NA,NA,2.4% 1.1% 1.5%,2.4%,1.1%,1.5%,,Anacortes School District,Non-Low Income
Al Grades,Al Grades,NA,NA,6.9% 4.7% 15.9%,6.9%,4.7%,15.9%,,Arlington School District,Low-Income
Al Grades,Al Grades,NA,NA,3.2% 2.0% 7.0%,3.2%,2.0%,7.0%,,Arlington School District,Non-Low Income
Al Grades,Al Grades,NA,NA,7.7% 2.4% 5.2%,7.7%,2.4%,5.2%,,Asotin-Anatone School District,Low-Income
Al Grades 0.5%,Al Grades ,0.5%,NA,0.3% 1.0%,0.3%,1.0%,NA,,Asotin-Anatone School District,Non-Low Income
Al Grades,Al Grades,NA,NA,10.4% 5.3% 18.8%,10.4%,5.3%,18.8%,,Auburn School District,Low-Income
Al Grades,Al Grades,NA,NA,4.3% 2.2% 7.6%,4.3%,2.2%,7.6%,,Auburn School District,Non-Low Income
Al Grades,Al Grades,NA,NA,3.7% 4.7% 3.4%,3.7%,4.7%,3.4%,,Bainbridge Island School District,Low-Income
Al Grades 0.7%,Al Grades ,0.7%,NA,0.4% 1.1%,0.4%,1.1%,NA,,Bainbridge Island School District,Non-Low Income
Al Grades,Al Grades,NA,NA,9.8% 6.4% 15.8%,9.8%,6.4%,15.8%,,Battle Ground School District,Low-Income
Al Grades,Al Grades,NA,NA,4.4% 2.3% 6.6%,4.4%,2.3%,6.6%,,Battle Ground School District,Non-Low Income
Al Grades,Al Grades,NA,NA,10.0% 5.1% Suppressed: <1.%,10.0%,5.1%,Suppressed: <1.%,,Bellevue School District,Low-Income
Al Grades 2.0%,Al Grades ,2.0%,NA,0.9% Suppressed: <1.%,0.9%,Suppressed: <1.%,NA,,Bellevue School District,Non-Low Income
Al Grades,Al Grades,NA,NA,10.0% 4.8% Suppressed: <1.%,10.0%,4.8%,Suppressed: <1.%,,Bellingham School District,Low-Income
Al Grades,Al Grades,NA,NA,2.6% 1.3% Suppressed: <1.%,2.6%,1.3%,Suppressed: <1.%,,Bellingham School District,Non-Low Income
Al Grades,Al Grades,NA,NA,16.3% 13.0% 35.9%,16.3%,13.0%,35.9%,,Bethel School District,Low-Income
Al Grades,Al Grades,NA,NA,8.0% 5.6% 20.1%,8.0%,5.6%,20.1%,,Bethel School District,Non-Low Income
Al Grades Suppressed: N<10,Al Grades ,Suppressed: N<10,NA,4.0% Suppressed: N<10,4.0%,Suppressed: N<10,NA,,Bickleton School District,Low-Income
Al Grades,Al Grades,NA,NA,Suppressed: <10% Suppressed: <10% Suppressed: <10%,Suppressed: <10%,Suppressed: <10%,Suppressed: <10%,,Bickleton School District,Non-Low Income
Al Grades,Al Grades,NA,NA,7.1% 3.0% 0.2%,7.1%,3.0%,0.2%,,Blaine School District,Low-Income
Al Grades,Al Grades,NA,NA,2.5% 0.9% Suppressed: <1.%,2.5%,0.9%,Suppressed: <1.%,,Blaine School District,Non-Low Income
Al Grades,Al Grades,NA,NA,11.9% 8.9% Suppressed: <1.%,11.9%,8.9%,Suppressed: <1.%,,Bremerton School District,Low-Income
Al Grades,Al Grades,NA,NA,8.2% 5.2% Suppressed: <1.%,8.2%,5.2%,Suppressed: <1.%,,Bremerton School District,Non-Low Income
Al Grades,Al Grades,NA,NA,8.0% 4.2% 14.4%,8.0%,4.2%,14.4%,,Brewster School District,Low-Income
Al Grades,Al Grades,NA,NA,7.6% 2.8% 3.7%,7.6%,2.8%,3.7%,,Brewster School District,Non-Low Income
Al Grades,Al Grades,NA,NA,3.1% 3.3% 13.3%,3.1%,3.3%,13.3%,,Bridgeport School District,Low-Income
Al Grades,Al Grades,NA,NA,2.4% Suppressed: <10% 9.1%,2.4%,Suppressed: <10%,9.1%,,Bridgeport School District,Non-Low Income
Al Grades,Al Grades,NA,NA,12.4% 6.9% Suppressed: <1.%,12.4%,6.9%,Suppressed: <1.%,,Burlington-Edison School District,Low-Income
Al Grades,Al Grades,NA,NA,3.5% 1.7% Suppressed: <1.%,3.5%,1.7%,Suppressed: <1.%,,Burlington-Edison School District,Non-Low Income
Al Grades,Al Grades,NA,NA,5.9% 4.4% 16.7%,5.9%,4.4%,16.7%,,Camas School District,Low-Income
Al Grades 1.4%,Al Grades ,1.4%,NA,0.8% 6.3%,0.8%,6.3%,NA,,Camas School District,Non-Low Income
Al Grades,Al Grades,NA,NA,2.5% 1.5% 3.1%,2.5%,1.5%,3.1%,,Cape Flattery School District,Low-Income
Al Grades Suppressed: <6.%,Al Grades ,Suppressed: <6.%,NA,Suppressed: <10% 3.3%,Suppressed: <10%,3.3%,NA,,Cape Flattery School District,Non-Low Income
Al Grades,Al Grades,NA,NA,6.6% 3.3% 15.9%,6.6%,3.3%,15.9%,,Cascade School District,Low-Income
Al Grades,Al Grades,NA,NA,2.9% 1.6% 6.7%,2.9%,1.6%,6.7%,,Cascade School District,Non-Low Income
Al Grades,Al Grades,NA,NA,6.7% 3.6% 11.3%,6.7%,3.6%,11.3%,,Cashmere School District,Low-Income
Al Grades,Al Grades,NA,NA,2.4% 0.7% 3.5%,2.4%,0.7%,3.5%,,Cashmere School District,Non-Low Income
Al Grades,Al Grades,NA,NA,5.1% 2.9% 22.7%,5.1%,2.9%,22.7%,,Castle Rock School District,Low-Income
Al Grades,Al Grades,NA,NA,2.3% 1.5% 9.2%,2.3%,1.5%,9.2%,,Castle Rock School District,Non-Low Income
Al Grades,Al Grades,NA,NA,13.1% 5.8% Suppressed: <1.%,13.1%,5.8%,Suppressed: <1.%,,Central Kitsap School District,Low-Income
Al Grades,Al Grades,NA,NA,5.5% 3.4% Suppressed: <1.%,5.5%,3.4%,Suppressed: <1.%,,Central Kitsap School District,Non-Low Income
Al Grades,Al Grades,NA,NA,12.8% 5.2% Suppressed: <1.%,12.8%,5.2%,Suppressed: <1.%,,Central Valley School District,Low-Income
Al Grades,Al Grades,NA,NA,3.8% 1.8% Suppressed: <1.%,3.8%,1.8%,Suppressed: <1.%,,Central Valley School District,Non-Low Income
Al Grades,Al Grades,NA,NA,9.4% 5.4% 23.3%,9.4%,5.4%,23.3%,,Centralia School District,Low-Income
Al Grades,Al Grades,NA,NA,5.1% 2.1% 13.4%,5.1%,2.1%,13.4%,,Centralia School District,Non-Low Income
Al Grades,Al Grades,NA,NA,7.5% 4.6% 11.8%,7.5%,4.6%,11.8%,,Chehalis School District,Low-Income
Al Grades,Al Grades,NA,NA,3.5% 1.6% 4.7%,3.5%,1.6%,4.7%,,Chehalis School District,Non-Low Income
Al Grades,Al Grades,NA,NA,6.6% 2.0% 7.7%,6.6%,2.0%,7.7%,,Cheney School District,Low-Income
Al Grades,Al Grades,NA,NA,2.3% 0.8% 2.3%,2.3%,0.8%,2.3%,,Cheney School District,Non-Low Income
Al Grades,Al Grades,NA,NA,10.2% 4.3% 13.1%,10.2%,4.3%,13.1%,,Chewelah School District,Low-Income
Al Grades,Al Grades,NA,NA,3.1% 0.6% 5.4%,3.1%,0.6%,5.4%,,Chewelah School District,Non-Low Income
Al Grades Suppressed: N<10,Al Grades ,Suppressed: N<10,NA,1.5% Suppressed: <3.%,1.5%,Suppressed: <3.%,NA,,Chief Leschi Schools,Low-Income
Al Grades,Al Grades,NA,NA,13.2% 1.7% Suppressed: <4.%,13.2%,1.7%,Suppressed: <4.%,,Chief Leschi Schools,Non-Low Income
Al Grades,Al Grades,NA,NA,6.1% 4.7% 2.3%,6.1%,4.7%,2.3%,,Chimacum School District,Low-Income
Al Grades,Al Grades,NA,NA,2.9% 1.1% 1.0%,2.9%,1.1%,1.0%,,Chimacum School District,Non-Low Income
Al Grades,Al Grades,NA,NA,9.5% 4.7% 15.2%,9.5%,4.7%,15.2%,,Clarkston School District,Low-Income
Al Grades,Al Grades,NA,NA,3.7% 2.1% 5.2%,3.7%,2.1%,5.2%,,Clarkston School District,Non-Low Income
Al Grades,Al Grades,NA,NA,3.1% 2.0% 14.5%,3.1%,2.0%,14.5%,,Cle Elum-Roslyn School District,Low-Income
Al Grades,Al Grades,NA,NA,2.1% 0.8% 5.6%,2.1%,0.8%,5.6%,,Cle Elum-Roslyn School District,Non-Low Income
Al Grades,Al Grades,NA,NA,15.5% 9.8% 21.8%,15.5%,9.8%,21.8%,,Clover Park School District,Low-Income
Al Grades,Al Grades,NA,NA,7.5% 4.0% 12.5%,7.5%,4.0%,12.5%,,Clover Park School District,Non-Low Income
Al Grades,Al Grades,NA,NA,5.1% 3.5% 11.8%,5.1%,3.5%,11.8%,,College Place School District,Low-Income
Al Grades 1.4%,Al Grades ,1.4%,NA,1.0% 5.6%,1.0%,5.6%,NA,,College Place School District,Non-Low Income
Al Grades,Al Grades,NA,NA,7.1% 6.2% 7.7%,7.1%,6.2%,7.7%,,Colfax School District,Low-Income
Al Grades 1.3%,Al Grades ,1.3%,NA,2.8% 2.0%,2.8%,2.0%,NA,,Colfax School District,Non-Low Income
Al Grades Suppressed: N<10,Al Grades ,Suppressed: N<10,NA,Suppressed: N<10 24.1%,Suppressed: N<10,24.1%,NA,,Colton School District,Low-Income
Al Grades 1.60%,Al Grades ,1.60%,NA,0.60% Suppressed: <10%,0.60%,Suppressed: <10%,NA,,Colton School District,Non-Low Income
Al Grades,Al Grades,NA,NA,6.00% 7.00% 17.5%,6.00%,7.00%,17.5%,,Columbia School District,Low-Income
Al Grades Suppressed: N<10,Al Grades ,Suppressed: N<10,NA,Suppressed: N<10 14.8%,Suppressed: N<10,14.8%,NA,,Columbia School District,Non-Low Income
Al Grades,Al Grades,NA,NA,17.3% 8.8% 32.6%,17.3%,8.8%,32.6%,,Columbia School District (Walla Walla),Low-Income
Al Grades 6.4%,Al Grades ,6.4%,NA,1.4% 10.0%,1.4%,10.0%,NA,,Columbia School District (Walla Walla),Non-Low Income
Al Grades,Al Grades,NA,NA,6.8% 2.8% 15.8%,6.8%,2.8%,15.8%,,Colville School District,Low-Income
Al Grades,Al Grades,NA,NA,2.6% 0.8% 5.0%,2.6%,0.8%,5.0%,,Colville School District,Non-Low Income
Al Grades,Al Grades,NA,NA,5.9% 3.0% 27.8%,5.9%,3.0%,27.8%,,Concrete School District,Low-Income
Al Grades,Al Grades,NA,NA,2.8% 4.9% 25.1%,2.8%,4.9%,25.1%,,Concrete School District,Non-Low Income
Al Grades 1.7%,Al Grades ,1.7%,NA,Suppressed: <8.% 8.4%,Suppressed: <8.%,8.4%,NA,,Coulee-Hartline School District,Low-Income
Al Grades Suppressed: <5.%,Al Grades ,Suppressed: <5.%,NA,Suppressed: <8.% 1.3%,Suppressed: <8.%,1.3%,NA,,Coulee-Hartline School District,Non-Low Income
Al Grades,Al Grades,NA,NA,7.4% 3.7% 8.3%,7.4%,3.7%,8.3%,,Coupeville School District,Low-Income
Al Grades,Al Grades,NA,NA,2.8% 1.1% 3.6%,2.8%,1.1%,3.6%,,Coupeville School District,Non-Low Income
Al Grades,Al Grades,NA,NA,3.8% 2.9% 9.9%,3.8%,2.9%,9.9%,,Crescent School District,Low-Income
Al Grades Suppressed: <10%,Al Grades ,Suppressed: <10%,NA,Suppressed: <10% 8.4%,Suppressed: <10%,8.4%,NA,,Crescent School District,Non-Low Income
Al Grades Suppressed: N<10,Al Grades ,Suppressed: N<10,NA,Suppressed: N<10 Suppressed: N<10,Suppressed: N<10,Suppressed: N<10,NA,,Creston School District,Low-Income
Al Grades Suppressed: <10%,Al Grades ,Suppressed: <10%,NA,2.80% Suppressed: <10%,2.80%,Suppressed: <10%,NA,,Creston School District,Non-Low Income
Al Grades,Al Grades,NA,NA,3.10% 1.8% 3.9%,3.10%,1.8%,3.9%,,Curlew School District,Low-Income
Al Grades Suppressed: N<10,Al Grades ,Suppressed: N<10,NA,Suppressed: <10% Suppressed: <10%,Suppressed: <10%,Suppressed: <10%,NA,,Curlew School District,Non-Low Income
Al Grades,Al Grades,NA,NA,9.8% 3.4% 3.7%,9.8%,3.4%,3.7%,,Cusick School District,Low-Income
Al Grades,Al Grades,NA,NA,5.1% Suppressed: <10% 4.5%,5.1%,Suppressed: <10%,4.5%,,Cusick School District,Non-Low Income
Al Grades,Al Grades,NA,NA,6.6% 4.7% 18.8%,6.6%,4.7%,18.8%,,Darrington School District,Low-Income
Al Grades,Al Grades,NA,NA,3.8% 2.6% 5.6%,3.8%,2.6%,5.6%,,Darrington School District,Non-Low Income
Al Grades 1.0%,Al Grades ,1.0%,NA,0.6% 3.9%,0.6%,3.9%,NA,,Davenport School District,Low-Income
Al Grades Suppressed: <3.%,Al Grades ,Suppressed: <3.%,NA,Suppressed: <3.% 1.2%,Suppressed: <3.%,1.2%,NA,,Davenport School District,Non-Low Income
Al Grades,Al Grades,NA,NA,6.3% 3.5% 12.2%,6.3%,3.5%,12.2%,,Dayton School District,Low-Income
Al Grades Suppressed: <6.%,Al Grades ,Suppressed: <6.%,NA,Suppressed: <7.% 1.5%,Suppressed: <7.%,1.5%,NA,,Dayton School District,Non-Low Income
Al Grades,Al Grades,NA,NA,2.2% 0.9% 2.0%,2.2%,0.9%,2.0%,,Deer Park School District,Low-Income
Al Grades 1.0%,Al Grades ,1.0%,NA,0.4% 0.9%,0.4%,0.9%,NA,,Deer Park School District,Non-Low Income
Al Grades,Al Grades,NA,NA,13.4% 6.5% 15.3%,13.4%,6.5%,15.3%,,East Valley School District (Spokane),Low-Income
Al Grades 6.2%,Al Grades ,6.2%,NA,2.7% 6.0%,2.7%,6.0%,NA,,East Valley School District (Spokane),Non-Low Income
Al Grades 4.0%,Al Grades ,4.0%,NA,2.4% 13.3%,2.4%,13.3%,NA,,East Valley School District (Yakima),Low-Income
Al Grades 1.0%,Al Grades ,1.0%,NA,0.7% 3.2%,0.7%,3.2%,NA,,East Valley School District (Yakima),Non-Low Income
Al Grades,Al Grades,NA,NA,8.6% 5.7% 18.7%,8.6%,5.7%,18.7%,,Eastmont School District,Low-Income
Al Grades,Al Grades,NA,NA,3.3% 2.1% 5.8%,3.3%,2.1%,5.8%,,Eastmont School District,Non-Low Income
Al Grades,Al Grades,NA,NA,13.6% 3.70% 7.30%,13.6%,3.70%,7.30%,,Easton School District,Low-Income
Al Grades,Al Grades,NA,NA,19.3% Suppressed: N<10 Suppressed: N<10,19.3%,Suppressed: N<10,Suppressed: N<10,,Easton School District,Non-Low Income
Al Grades,Al Grades,NA,NA,7.4% 3.1% 11.4%,7.4%,3.1%,11.4%,,Eatonville School District,Low-Income
Al Grades,Al Grades,NA,NA,3.6% 0.9% 4.9%,3.6%,0.9%,4.9%,,Eatonville School District,Non-Low Income
Al Grades,Al Grades,NA,NA,10.7% 6.3% Suppressed: <1.%,10.7%,6.3%,Suppressed: <1.%,,Edmonds School District,Low-Income
Al Grades,Al Grades,NA,NA,3.8% 2.4% Suppressed: <1.%,3.8%,2.4%,Suppressed: <1.%,,Edmonds School District,Non-Low Income
Al Grades,Al Grades,NA,NA,6.1% 3.5% 11.8%,6.1%,3.5%,11.8%,,Ellensburg School District,Low-Income
Al Grades 1.9%,Al Grades ,1.9%,NA,0.8% 3.5%,0.8%,3.5%,NA,,Ellensburg School District,Non-Low Income
Al Grades,Al Grades,NA,NA,5.6% 3.3% 14.4%,5.6%,3.3%,14.4%,,Elma School District,Low-Income
Al Grades,Al Grades,NA,NA,3.0% 2.3% 8.7%,3.0%,2.3%,8.7%,,Elma School District,Non-Low Income
Al Grades,Al Grades,NA,NA,14.1% 9.2% 16.9%,14.1%,9.2%,16.9%,,Entiat School District,Low-Income
Al Grades,Al Grades,NA,NA,7.2% 2.5% 10.0%,7.2%,2.5%,10.0%,,Entiat School District,Non-Low Income
Al Grades,Al Grades,NA,NA,12.7% 5.3% 29.3%,12.7%,5.3%,29.3%,,Enumclaw School District,Low-Income
Al Grades,Al Grades,NA,NA,3.7% 1.7% 10.2%,3.7%,1.7%,10.2%,,Enumclaw School District,Non-Low Income
Al Grades,Al Grades,NA,NA,7.7% 3.0% 13.5%,7.7%,3.0%,13.5%,,Ephrata School District,Low-Income
Al Grades,Al Grades,NA,NA,2.1% 0.8% 3.1%,2.1%,0.8%,3.1%,,Ephrata School District,Non-Low Income
Al Grades,Al Grades,NA,NA,10.6% 4.1% 5.6%,10.6%,4.1%,5.6%,,Everett School District,Low-Income
Al Grades,Al Grades,NA,NA,* * 2.3%,* ,* ,2.3%,,Everett School District,Non-Low Income
Al Grades,Al Grades,NA,NA,9.3% 5.0% 11.4%,9.3%,5.0%,11.4%,,Evergreen School District (Clark),Low-Income
Al Grades,Al Grades,NA,NA,3.7% 1.8% 4.3%,3.7%,1.8%,4.3%,,Evergreen School District (Clark),Non-Low Income
Al Grades,Al Grades,NA,NA,13.9% 8.0% 13.4%,13.9%,8.0%,13.4%,,Federal Way School District,Low-Income
Al Grades,Al Grades,NA,NA,6.0% 3.0% 5.5%,6.0%,3.0%,5.5%,,Federal Way School District,Non-Low Income
Al Grades,Al Grades,NA,NA,9.7% 5.5% Suppressed: <1.%,9.7%,5.5%,Suppressed: <1.%,,Ferndale School District,Low-Income
Al Grades,Al Grades,NA,NA,4.2% 2.2% Suppressed: <1.%,4.2%,2.2%,Suppressed: <1.%,,Ferndale School District,Non-Low Income
Al Grades,Al Grades,NA,NA,5.8% 3.4% 13.9%,5.8%,3.4%,13.9%,,Fife Public Schools,Low-Income
Al Grades,Al Grades,NA,NA,2.6% 1.4% 5.2%,2.6%,1.4%,5.2%,,Fife Public Schools,Non-Low Income
Al Grades,Al Grades,NA,NA,7.5% 3.2% 8.6%,7.5%,3.2%,8.6%,,Finley School District,Low-Income
Al Grades,Al Grades,NA,NA,4.9% 2.2% 6.0%,4.9%,2.2%,6.0%,,Finley School District,Non-Low Income
Al Grades,Al Grades,NA,NA,9.3% 4.8% Suppressed: <1.%,9.3%,4.8%,Suppressed: <1.%,,Franklin Pierce School District,Low-Income
Al Grades,Al Grades,NA,NA,6.3% 3.8% Suppressed: <1.%,6.3%,3.8%,Suppressed: <1.%,,Franklin Pierce School District,Non-Low Income
Al Grades,Al Grades,NA,NA,7.3% 3.1% 6.8%,7.3%,3.1%,6.8%,,Freeman School District,Low-Income
Al Grades 0.5%,Al Grades ,0.5%,NA,0.3% 1.3%,0.3%,1.3%,NA,,Freeman School District,Non-Low Income
Al Grades,Al Grades,NA,NA,4.7% 3.4% 10.0%,4.7%,3.4%,10.0%,,Garfield School District,Low-Income
Al Grades Suppressed: <10%,Al Grades ,Suppressed: <10%,NA,Suppressed: <10% 5.4%,Suppressed: <10%,5.4%,NA,,Garfield School District,Non-Low Income
Al Grades,Al Grades,NA,NA,2.9% Suppressed: N<10 Suppressed: N<10,2.9%,Suppressed: N<10,Suppressed: N<10,,Glenwood School District,Low-Income
Al Grades,Al Grades,NA,NA,Suppressed: <10% 3.30% 16.7%,Suppressed: <10%,3.30%,16.7%,,Glenwood School District,Non-Low Income
Al Grades,Al Grades,NA,NA,8.5% 4.3% 14.9%,8.5%,4.3%,14.9%,,Goldendale School District,Low-Income
Al Grades,Al Grades,NA,NA,2.5% 1.7% 6.1%,2.5%,1.7%,6.1%,,Goldendale School District,Non-Low Income
Al Grades 3.4%,Al Grades ,3.4%,NA,2.7% 5.4%,2.7%,5.4%,NA,,Grand Coulee Dam School District,Low-Income
Al Grades 2.3%,Al Grades ,2.3%,NA,Suppressed: <5.% 4.0%,Suppressed: <5.%,4.0%,NA,,Grand Coulee Dam School District,Non-Low Income
Al Grades,Al Grades,NA,NA,6.9% 5.3% 19.8%,6.9%,5.3%,19.8%,,Grandview School District,Low-Income
Al Grades,Al Grades,NA,NA,5.1% 3.3% 11.2%,5.1%,3.3%,11.2%,,Grandview School District,Non-Low Income
Al Grades,Al Grades,NA,NA,7.6% 5.2% 23.2%,7.6%,5.2%,23.2%,,Granger School District,Low-Income
Al Grades,Al Grades,NA,NA,3.2% 2.8% 9.8%,3.2%,2.8%,9.8%,,Granger School District,Non-Low Income
Al Grades,Al Grades,NA,NA,10.3% 5.6% 22.2%,10.3%,5.6%,22.2%,,Granite Falls School District,Low-Income
Al Grades,Al Grades,NA,NA,7.6% 4.1% 16.8%,7.6%,4.1%,16.8%,,Granite Falls School District,Non-Low Income
Al Grades,Al Grades,NA,NA,4.5% 4.2% 11.1%,4.5%,4.2%,11.1%,,Harrington School District,Low-Income
Al Grades,Al Grades,NA,NA,3.8% 1.2% 1.3%,3.8%,1.2%,1.3%,,Harrington School District,Non-Low Income
Al Grades,Al Grades,NA,NA,8.4% 4.2% 17.7%,8.4%,4.2%,17.7%,,Highland School District,Low-Income
Al Grades,Al Grades,NA,NA,4.5% 1.1% 10.5%,4.5%,1.1%,10.5%,,Highland School District,Non-Low Income
Al Grades,Al Grades,NA,NA,10.0% 5.4% Suppressed: <1.%,10.0%,5.4%,Suppressed: <1.%,,Highline School District,Low-Income
Al Grades,Al Grades,NA,NA,5.2% 2.2% Suppressed: <1.%,5.2%,2.2%,Suppressed: <1.%,,Highline School District,Non-Low Income
Al Grades,Al Grades,NA,NA,2.3% 0.5% 20.7%,2.3%,0.5%,20.7%,,Hockinson School District,Low-Income
Al Grades 0.9%,Al Grades ,0.9%,NA,0.4% 3.9%,0.4%,3.9%,NA,,Hockinson School District,Non-Low Income
Al Grades,Al Grades,NA,NA,13.9% 5.9% 26.2%,13.9%,5.9%,26.2%,,Hoquiam School District,Low-Income
Al Grades,Al Grades,NA,NA,6.4% 3.2% 9.8%,6.4%,3.2%,9.8%,,Hoquiam School District,Non-Low Income
Al Grades,Al Grades,NA,NA,14.3% 9.9% 22.9%,14.3%,9.9%,22.9%,,Inchelium School District,Low-Income
Al Grades,Al Grades,NA,NA,9.4% 6.1% 6.7%,9.4%,6.1%,6.7%,,Inchelium School District,Non-Low Income
Al Grades,Al Grades,NA,NA,11.1% 7.3% 1.2%,11.1%,7.3%,1.2%,,Issaquah School District,Low-Income
Al Grades,Al Grades,NA,NA,2.2% 0.8% Suppressed: <1.%,2.2%,0.8%,Suppressed: <1.%,,Issaquah School District,Non-Low Income
Al Grades,Al Grades,NA,NA,5.5% 3.5% 17.2%,5.5%,3.5%,17.2%,,Kalama School District,Low-Income
Al Grades,Al Grades,NA,NA,3.3% 1.2% 5.9%,3.3%,1.2%,5.9%,,Kalama School District,Non-Low Income
Al Grades,Al Grades,NA,NA,8.4% 6.7% Suppressed: <1.%,8.4%,6.7%,Suppressed: <1.%,,Kelso School District,Low-Income
Al Grades,Al Grades,NA,NA,3.5% 2.4% Suppressed: <1.%,3.5%,2.4%,Suppressed: <1.%,,Kelso School District,Non-Low Income
Al Grades,Al Grades,NA,NA,11.7% 6.8% 27.8%,11.7%,6.8%,27.8%,,Kennewick School District,Low-Income
Al Grades,Al Grades,NA,NA,4.5% 3.0% 11.2%,4.5%,3.0%,11.2%,,Kennewick School District,Non-Low Income
Al Grades,Al Grades,NA,NA,11.9% 6.6% 0.4%,11.9%,6.6%,0.4%,,Kent School District,Low-Income
Al Grades,Al Grades,NA,NA,4.8% 2.8% 0.5%,4.8%,2.8%,0.5%,,Kent School District,Non-Low Income
Al Grades,Al Grades,NA,NA,3.7% 1.7% 9.6%,3.7%,1.7%,9.6%,,Kettle Falls School District,Low-Income
Al Grades 0.8%,Al Grades ,0.8%,NA,0.6% 3.3%,0.6%,3.3%,NA,,Kettle Falls School District,Non-Low Income
Al Grades,Al Grades,NA,NA,11.2% 43.4%,11.2%,43.4%,NA,,Kiona-Benton School District,Low-Income
Al Grades,Al Grades,NA,NA,6.5% 5.0% 24.7%,6.5%,5.0%,24.7%,,Kiona-Benton School District,Non-Low Income
Al Grades,Al Grades,NA,NA,9.3% 5.1% 10.1%,9.3%,5.1%,10.1%,,Kittitas School District,Low-Income
Al Grades,Al Grades,NA,NA,2.4% 2.4% 4.6%,2.4%,2.4%,4.6%,,Kittitas School District,Non-Low Income
Al Grades,Al Grades,NA,NA,14.1% 14.3% Suppressed: N<10,14.1%,14.3%,Suppressed: N<10,,Klickitat School District,Low-Income
Al Grades Suppressed: <10%,Al Grades ,Suppressed: <10%,NA,Suppressed: <10% 6.30%,Suppressed: <10%,6.30%,NA,,Klickitat School District,Non-Low Income
Al Grades,Al Grades,NA,NA,12.4% 7.7% 26.4%,12.4%,7.7%,26.4%,,La Center School District,Low-Income
Al Grades,Al Grades,NA,NA,3.5% 2.3% 7.6%,3.5%,2.3%,7.6%,,La Center School District,Non-Low Income
Al Grades,Al Grades,NA,NA,15.0% 11.1% 27.1%,15.0%,11.1%,27.1%,,La Conner School District,Low-Income
Al Grades,Al Grades,NA,NA,2.2% 2.0% 6.1%,2.2%,2.0%,6.1%,,La Conner School District,Non-Low Income
Al Grades Suppressed: N<10,Al Grades ,Suppressed: N<10,NA,Suppressed: N<10 Suppressed: <10%,Suppressed: N<10,Suppressed: <10%,NA,,LaCrosse School District,Low-Income
Al Grades Suppressed: <10%,Al Grades ,Suppressed: <10%,NA,Suppressed: <10% Suppressed: <10%,Suppressed: <10%,Suppressed: <10%,NA,,LaCrosse School District,Non-Low Income
Al Grades,Al Grades,NA,NA,6.8% 3.5% 10.3%,6.8%,3.5%,10.3%,,Lake Chelan School District,Low-Income
Al Grades,Al Grades,NA,NA,2.2% 1.0% 3.8%,2.2%,1.0%,3.8%,,Lake Chelan School District,Non-Low Income
Al Grades,Al Grades,NA,NA,9.30% 3.30% 8.40%,9.30%,3.30%,8.40%,,Lake Quinault School District,Low-Income
Al Grades Suppressed: N<10,Al Grades ,Suppressed: N<10,NA,Suppressed: N<10 Suppressed: N<10,Suppressed: N<10,Suppressed: N<10,NA,,Lake Quinault School District,Non-Low Income
Al Grades,Al Grades,NA,NA,7.2% 5.6% 1.9%,7.2%,5.6%,1.9%,,Lake Stevens School District,Low-Income
Al Grades,Al Grades,NA,NA,3.1% 2.0% 0.5%,3.1%,2.0%,0.5%,,Lake Stevens School District,Non-Low Income
Al Grades,Al Grades,NA,NA,11.6% 5.4% Suppressed: <1.%,11.6%,5.4%,Suppressed: <1.%,,Lake Washington School District,Low-Income
Al Grades 1.8%,Al Grades ,1.8%,NA,0.8% Suppressed: <1.%,0.8%,Suppressed: <1.%,NA,,Lake Washington School District,Non-Low Income
Al Grades,Al Grades,NA,NA,14.6% 7.0% 15.1%,14.6%,7.0%,15.1%,,Lakewood School District,Low-Income
Al Grades,Al Grades,NA,NA,4.8% 2.7% 4.7%,4.8%,2.7%,4.7%,,Lakewood School District,Non-Low Income
Al Grades,Al Grades,NA,NA,3.7% Suppressed: <7.% 10.0%,3.7%,Suppressed: <7.%,10.0%,,Liberty School District,Low-Income
Al Grades 0.7%,Al Grades ,0.7%,NA,Suppressed: <2.% 3.3%,Suppressed: <2.%,3.3%,NA,,Liberty School District,Non-Low Income
Al Grades,Al Grades,NA,NA,7.0% 5.8% 13.9%,7.0%,5.8%,13.9%,,Lind School District,Low-Income
Al Grades,Al Grades,NA,NA,3.7% Suppressed: <10% Suppressed: <10%,3.7%,Suppressed: <10%,Suppressed: <10%,,Lind School District,Non-Low Income
Al Grades,Al Grades,NA,NA,9.0% 4.4% 22.2%,9.0%,4.4%,22.2%,,Longview Public Schools,Low-Income
Al Grades,Al Grades,NA,NA,3.1% 2.0% 10.1%,3.1%,2.0%,10.1%,,Longview Public Schools,Non-Low Income
Al Grades,Al Grades,NA,NA,5.2% Suppressed: <10% Suppressed: <10%,5.2%,Suppressed: <10%,Suppressed: <10%,,Lopez School District,Low-Income
Al Grades Suppressed: <9.%,Al Grades ,Suppressed: <9.%,NA,Suppressed: <10% Suppressed: <10%,Suppressed: <10%,Suppressed: <10%,NA,,Lopez School District,Non-Low Income
Al Grades,Al Grades,NA,NA,13.2% 6.2% 30.0%,13.2%,6.2%,30.0%,,Lummi Tribal Agency,Low-Income
Al Grades,Al Grades,NA,NA,2.0% 3.2% 22.1%,2.0%,3.2%,22.1%,,Lummi Tribal Agency,Non-Low Income
Al Grades,Al Grades,NA,NA,4.3% 9.8% 4.9%,4.3%,9.8%,4.9%,,Lyle School District,Low-Income
Al Grades,Al Grades,NA,NA,7.1% 7.8% 6.4%,7.1%,7.8%,6.4%,,Lyle School District,Non-Low Income
Al Grades,Al Grades,NA,NA,10.3% 5.8% 0.8%,10.3%,5.8%,0.8%,,Lynden School District,Low-Income
Al Grades,Al Grades,NA,NA,5.2% 1.8% Suppressed: <1.%,5.2%,1.8%,Suppressed: <1.%,,Lynden School District,Non-Low Income
Al Grades,Al Grades,NA,NA,12.3% 8.5% 41.8%,12.3%,8.5%,41.8%,,Mabton School District,Low-Income
Al Grades,Al Grades,NA,NA,10.3% 2.6% 20.5%,10.3%,2.6%,20.5%,,Mabton School District,Non-Low Income
Al Grades,Al Grades,NA,NA,7.3% 4.70% 18.8%,7.3%,4.70%,18.8%,,Mansfield School District,Low-Income
Al Grades,Al Grades,NA,NA,Suppressed: <10% Suppressed: N<10 Suppressed: N<10,Suppressed: <10%,Suppressed: N<10,Suppressed: N<10,,Mansfield School District,Non-Low Income
Al Grades,Al Grades,NA,NA,2.5% 4.7% 7.0%,2.5%,4.7%,7.0%,,Manson School District,Low-Income
Al Grades 1.9%,Al Grades ,1.9%,NA,1.3% 2.8%,1.3%,2.8%,NA,,Manson School District,Non-Low Income
Al Grades,Al Grades,NA,NA,19.6% 10.5% 13.5%,19.6%,10.5%,13.5%,,Mary M. Knight School District,Low-Income
Al Grades,Al Grades,NA,NA,21.1% 10.4% 17.7%,21.1%,10.4%,17.7%,,Mary M. Knight School District,Non-Low Income
Al Grades,Al Grades,NA,NA,4.5% 1.4% 16.4%,4.5%,1.4%,16.4%,,Mary Walker School District,Low-Income
Al Grades,Al Grades,NA,NA,2.1% 0.9% 10.3%,2.1%,0.9%,10.3%,,Mary Walker School District,Non-Low Income
Al Grades,Al Grades,NA,NA,15.3% 6.5% 8.5%,15.3%,6.5%,8.5%,,Marysville School District,Low-Income
Al Grades,Al Grades,NA,NA,8.2% 3.4% 4.6%,8.2%,3.4%,4.6%,,Marysville School District,Non-Low Income
Al Grades,Al Grades,NA,NA,6.0% 3.2% 13.2%,6.0%,3.2%,13.2%,,Mead School District,Low-Income
Al Grades 1.7%,Al Grades ,1.7%,NA,0.8% 3.9%,0.8%,3.9%,NA,,Mead School District,Non-Low Income
Al Grades,Al Grades,NA,NA,4.7% 1.8% Suppressed: <2.%,4.7%,1.8%,Suppressed: <2.%,,Medical Lake School District,Low-Income
Al Grades 2.0%,Al Grades ,2.0%,NA,0.9% Suppressed: <1.%,0.9%,Suppressed: <1.%,NA,,Medical Lake School District,Non-Low Income
Al Grades,Al Grades,NA,NA,3.8% 4.1% 4.7%,3.8%,4.1%,4.7%,,Mercer Island School District,Low-Income
Al Grades 0.6%,Al Grades ,0.6%,NA,0.3% 0.5%,0.3%,0.5%,NA,,Mercer Island School District,Non-Low Income
Al Grades,Al Grades,NA,NA,10.7% 3.5% Suppressed: <2.%,10.7%,3.5%,Suppressed: <2.%,,Meridian School District,Low-Income
Al Grades,Al Grades,NA,NA,2.9% 1.1% Suppressed: <1.%,2.9%,1.1%,Suppressed: <1.%,,Meridian School District,Non-Low Income
Al Grades,Al Grades,NA,NA,4.2% 4.3% 1.8%,4.2%,4.3%,1.8%,,Methow Valley School District,Low-Income
Al Grades 0.8%,Al Grades ,0.8%,NA,1.3% 1.4%,1.3%,1.4%,NA,,Methow Valley School District,Non-Low Income
Al Grades,Al Grades,NA,NA,7.7% 3.7% 13.0%,7.7%,3.7%,13.0%,,Monroe School District,Low-Income
Al Grades,Al Grades,NA,NA,3.0% 1.2% 5.4%,3.0%,1.2%,5.4%,,Monroe School District,Non-Low Income
Al Grades,Al Grades,NA,NA,8.0% 4.0% 17.9%,8.0%,4.0%,17.9%,,Montesano School District,Low-Income
Al Grades 1.5%,Al Grades ,1.5%,NA,1.2% 4.2%,1.2%,4.2%,NA,,Montesano School District,Non-Low Income
Al Grades,Al Grades,NA,NA,6.0% 2.0% 2.4%,6.0%,2.0%,2.4%,,Morton School District,Low-Income
Al Grades 1.5%,Al Grades ,1.5%,NA,Suppressed: <6.% Suppressed: <5.%,Suppressed: <6.%,Suppressed: <5.%,NA,,Morton School District,Non-Low Income
Al Grades,Al Grades,NA,NA,17.7% 10.6% 31.0%,17.7%,10.6%,31.0%,,Moses Lake School District,Low-Income
Al Grades,Al Grades,NA,NA,7.7% 3.1% 12.2%,7.7%,3.1%,12.2%,,Moses Lake School District,Non-Low Income
Al Grades,Al Grades,NA,NA,4.6% 2.3% 8.9%,4.6%,2.3%,8.9%,,Mossyrock School District,Low-Income
Al Grades Suppressed: <6.%,Al Grades ,Suppressed: <6.%,NA,Suppressed: <6.% 4.4%,Suppressed: <6.%,4.4%,NA,,Mossyrock School District,Non-Low Income
Al Grades,Al Grades,NA,NA,14.4% 16.7% 45.1%,14.4%,16.7%,45.1%,,Mount Adams School District,Low-Income
Al Grades Suppressed: N<10,Al Grades ,Suppressed: N<10,NA,Suppressed: N<10,Suppressed: N<10,NA,NA,,Mount Adams School District,Non-Low Income
Al Grades,Al Grades,NA,NA,8.9% 5.7% 0.6%,8.9%,5.7%,0.6%,,Mount Baker School District,Low-Income
Al Grades,Al Grades,NA,NA,4.0% 2.2% Suppressed: <1.%,4.0%,2.2%,Suppressed: <1.%,,Mount Baker School District,Non-Low Income
Al Grades,Al Grades,NA,NA,8.7% 4.9% 15.7%,8.7%,4.9%,15.7%,,Mount Vernon School District,Low-Income
Al Grades,Al Grades,NA,NA,3.1% 1.3% 5.1%,3.1%,1.3%,5.1%,,Mount Vernon School District,Non-Low Income
Al Grades,Al Grades,NA,NA,11.1% 4.9% Suppressed: <1.%,11.1%,4.9%,Suppressed: <1.%,,Mukilteo School District,Low-Income
Al Grades,Al Grades,NA,NA,4.5% 2.0% Suppressed: <1.%,4.5%,2.0%,Suppressed: <1.%,,Mukilteo School District,Non-Low Income
Al Grades,Al Grades,NA,NA,4.0% 1.9% 7.7%,4.0%,1.9%,7.7%,,Naches Valley School District,Low-Income
Al Grades 1.7%,Al Grades ,1.7%,NA,0.8% 3.4%,0.8%,3.4%,NA,,Naches Valley School District,Non-Low Income
Al Grades,Al Grades,NA,NA,4.1% 2.1% 10.5%,4.1%,2.1%,10.5%,,Napavine School District,Low-Income
Al Grades,Al Grades,NA,NA,2.2% 1.3% 5.3%,2.2%,1.3%,5.3%,,Napavine School District,Non-Low Income
Al Grades 1.5%,Al Grades ,1.5%,NA,1.2% 1.3%,1.2%,1.3%,NA,,Naselle-Grays River Valley School District,Low-Income
Al Grades 1.5%,Al Grades ,1.5%,NA,0.6% 0.3%,0.6%,0.3%,NA,,Naselle-Grays River Valley School District,Non-Low Income
Al Grades,Al Grades,NA,NA,7.1% 4.9% 1.5%,7.1%,4.9%,1.5%,,Newport School District,Low-Income
Al Grades,Al Grades,NA,NA,2.9% 1.1% 0.7%,2.9%,1.1%,0.7%,,Newport School District,Non-Low Income
Al Grades,Al Grades,NA,NA,4.3% 3.7% 9.3%,4.3%,3.7%,9.3%,,Nine Mile Falls School District,Low-Income
Al Grades 1.3%,Al Grades ,1.3%,NA,0.5% 1.3%,0.5%,1.3%,NA,,Nine Mile Falls School District,Non-Low Income
Al Grades,Al Grades,NA,NA,6.3% 3.0% 1.5%,6.3%,3.0%,1.5%,,Nooksack Valley School District,Low-Income
Al Grades 1.9%,Al Grades ,1.9%,NA,1.0% 0.6%,1.0%,0.6%,NA,,Nooksack Valley School District,Non-Low Income
Al Grades,Al Grades,NA,NA,11.7% 5.6% Suppressed: <2.%,11.7%,5.6%,Suppressed: <2.%,,North Beach School District,Low-Income
Al Grades,Al Grades,NA,NA,5.0% 3.0% Suppressed: <7.%,5.0%,3.0%,Suppressed: <7.%,,North Beach School District,Non-Low Income
Al Grades 1.5%,Al Grades ,1.5%,NA,0.8% 1.8%,0.8%,1.8%,NA,,North Franklin School District,Low-Income
Al Grades Suppressed: <2.%,Al Grades ,Suppressed: <2.%,NA,Suppressed: <2.% 1.9%,Suppressed: <2.%,1.9%,NA,,North Franklin School District,Non-Low Income
Al Grades,Al Grades,NA,NA,10.5% 2.8% 2.1%,10.5%,2.8%,2.1%,,North Kitsap School District,Low-Income
Al Grades,Al Grades,NA,NA,4.2% 1.1% 0.7%,4.2%,1.1%,0.7%,,North Kitsap School District,Non-Low Income
Al Grades,Al Grades,NA,NA,11.1% 10.4% 30.8%,11.1%,10.4%,30.8%,,North Mason School District,Low-Income
Al Grades,Al Grades,NA,NA,6.4% 4.5% 13.9%,6.4%,4.5%,13.9%,,North Mason School District,Non-Low Income
Al Grades,Al Grades,NA,NA,2.30% 2.50% 6.60%,2.30%,2.50%,6.60%,,North River School District,Low-Income
Al Grades Suppressed: N<10,Al Grades ,Suppressed: N<10,NA,Suppressed: N<10 Suppressed: N<10,Suppressed: N<10,Suppressed: N<10,NA,,North River School District,Non-Low Income
Al Grades,Al Grades,NA,NA,11.9% 7.1% 4.1%,11.9%,7.1%,4.1%,,North Thurston Public Schools,Low-Income
Al Grades,Al Grades,NA,NA,5.4% 2.7% 1.1%,5.4%,2.7%,1.1%,,North Thurston Public Schools,Non-Low Income
Al Grades Suppressed: <6.%,Al Grades ,Suppressed: <6.%,NA,Suppressed: <6.% 9.70%,Suppressed: <6.%,9.70%,NA,,Northport School District,Low-Income
Al Grades,Al Grades,NA,NA,Suppressed: <10% Suppressed: N<10 Suppressed: N<10,Suppressed: <10%,Suppressed: N<10,Suppressed: N<10,,Northport School District,Non-Low Income
Al Grades,Al Grades,NA,NA,5.3% 3.0% Suppressed: <1.%,5.3%,3.0%,Suppressed: <1.%,,Northshore School District,Low-Income
Al Grades 1.2%,Al Grades ,1.2%,NA,0.9% Suppressed: <1.%,0.9%,Suppressed: <1.%,NA,,Northshore School District,Non-Low Income
Al Grades,Al Grades,NA,NA,10.5% 6.5% 14.7%,10.5%,6.5%,14.7%,,Oak Harbor School District,Low-Income
Al Grades,Al Grades,NA,NA,3.7% 2.4% 4.6%,3.7%,2.4%,4.6%,,Oak Harbor School District,Non-Low Income
Al Grades Suppressed: <10%,Al Grades ,Suppressed: <10%,NA,Suppressed: <10% 13.4%,Suppressed: <10%,13.4%,NA,,Oakesdale School District,Low-Income
Al Grades Suppressed: <10%,Al Grades ,Suppressed: <10%,NA,Suppressed: <10% Suppressed: <9.%,Suppressed: <10%,Suppressed: <9.%,NA,,Oakesdale School District,Non-Low Income
Al Grades,Al Grades,NA,NA,4.7% 2.1% 8.0%,4.7%,2.1%,8.0%,,Oakville School District,Low-Income
Al Grades 1.8%,Al Grades ,1.8%,NA,4.8% 10.6%,4.8%,10.6%,NA,,Oakville School District,Non-Low Income
Al Grades,Al Grades,NA,NA,7.0% 3.2% 0.2%,7.0%,3.2%,0.2%,,Ocean Beach School District,Low-Income
Al Grades,Al Grades,NA,NA,2.4% Suppressed: <3.% 0.2%,2.4%,Suppressed: <3.%,0.2%,,Ocean Beach School District,Non-Low Income
Al Grades,Al Grades,NA,NA,6.3% 5.1% 25.0%,6.3%,5.1%,25.0%,,Ocosta School District,Low-Income
Al Grades 1.7%,Al Grades ,1.7%,NA,2.9% 7.3%,2.9%,7.3%,NA,,Ocosta School District,Non-Low Income
Al Grades 1.6%,Al Grades ,1.6%,NA,1.5% 2.3%,1.5%,2.3%,NA,,Odessa School District,Low-Income
Al Grades 0.9%,Al Grades ,0.9%,NA,Suppressed: <6.% 1.6%,Suppressed: <6.%,1.6%,NA,,Odessa School District,Non-Low Income
Al Grades Suppressed: <10%,Al Grades ,Suppressed: <10%,NA,Suppressed: <10% 1.9%,Suppressed: <10%,1.9%,NA,,Office of the Governor (Sch for Blind),Low-Income
Al Grades Suppressed: N<10,Al Grades ,Suppressed: N<10,NA,Suppressed: <10% Suppressed: <10%,Suppressed: <10%,Suppressed: <10%,NA,,Office of the Governor (Sch for Blind),Non-Low Income
Al Grades,Al Grades,NA,NA,4.6% 2.4% 15.9%,4.6%,2.4%,15.9%,,Okanogan School District,Low-Income
Al Grades 1.9%,Al Grades ,1.9%,NA,1.3% 8.0%,1.3%,8.0%,NA,,Okanogan School District,Non-Low Income
Al Grades,Al Grades,NA,NA,8.6% 4.6% Suppressed: <1.%,8.6%,4.6%,Suppressed: <1.%,,Olympia School District,Low-Income
Al Grades,Al Grades,NA,NA,2.5% 1.2% Suppressed: <1.%,2.5%,1.2%,Suppressed: <1.%,,Olympia School District,Non-Low Income
Al Grades,Al Grades,NA,NA,14.8% 7.1% 17.2%,14.8%,7.1%,17.2%,,Omak School District,Low-Income
Al Grades,Al Grades,NA,NA,9.0% 3.1% 7.6%,9.0%,3.1%,7.6%,,Omak School District,Non-Low Income
Al Grades,Al Grades,NA,NA,3.8% 1.9% 5.1%,3.8%,1.9%,5.1%,,Onalaska School District,Low-Income
Al Grades,Al Grades,NA,NA,3.1% 1.9% 3.5%,3.1%,1.9%,3.5%,,Onalaska School District,Non-Low Income
Al Grades,Al Grades,NA,NA,2.9% 2.5% 2.7%,2.9%,2.5%,2.7%,,Orcas Island School District,Low-Income
Al Grades 0.6%,Al Grades ,0.6%,NA,0.6% Suppressed: <3.%,0.6%,Suppressed: <3.%,NA,,Orcas Island School District,Non-Low Income
Al Grades,Al Grades,NA,NA,9.8% 6.3% 17.1%,9.8%,6.3%,17.1%,,Oroville School District,Low-Income
Al Grades 0.9%,Al Grades ,0.9%,NA,2.3% 10.4%,2.3%,10.4%,NA,,Oroville School District,Non-Low Income
Al Grades,Al Grades,NA,NA,4.8% 2.8% 14.7%,4.8%,2.8%,14.7%,,Orting School District,Low-Income
Al Grades 1.8%,Al Grades ,1.8%,NA,1.9% 6.7%,1.9%,6.7%,NA,,Orting School District,Non-Low Income
Al Grades,Al Grades,NA,NA,9.5% 6.3% 9.3%,9.5%,6.3%,9.3%,,Othello School District,Low-Income
Al Grades,Al Grades,NA,NA,5.1% 3.7% 4.3%,5.1%,3.7%,4.3%,,Othello School District,Non-Low Income
Al Grades Suppressed: <10%,Al Grades ,Suppressed: <10%,NA,3.1% 21.3%,3.1%,21.3%,NA,,Palouse School District,Low-Income
Al Grades 0.6%,Al Grades ,0.6%,NA,Suppressed: <7.% 1.6%,Suppressed: <7.%,1.6%,NA,,Palouse School District,Non-Low Income
Al Grades,Al Grades,NA,NA,16.3% 16.7% 35.3%,16.3%,16.7%,35.3%,,Pasco School District,Low-Income
Al Grades,Al Grades,NA,NA,7.6% 8.0% 17.7%,7.6%,8.0%,17.7%,,Pasco School District,Non-Low Income
Al Grades,Al Grades,NA,NA,3.8% 1.0% 8.1%,3.8%,1.0%,8.1%,,Pateros School District,Low-Income
Al Grades Suppressed: <10%,Al Grades ,Suppressed: <10%,NA,Suppressed: <10% 1.7%,Suppressed: <10%,1.7%,NA,,Pateros School District,Non-Low Income
Al Grades,Al Grades,NA,NA,5.8% 2.2% 13.6%,5.8%,2.2%,13.6%,,Pe Ell School District,Low-Income
Al Grades,Al Grades,NA,NA,2.3% Suppressed: <9.% 10.9%,2.3%,Suppressed: <9.%,10.9%,,Pe Ell School District,Non-Low Income
Al Grades,Al Grades,NA,NA,10.7% 5.7% 19.9%,10.7%,5.7%,19.9%,,Peninsula School District,Low-Income
Al Grades,Al Grades,NA,NA,3.1% 1.6% 6.1%,3.1%,1.6%,6.1%,,Peninsula School District,Non-Low Income
Al Grades,Al Grades,NA,NA,2.4% 2.0% 6.8%,2.4%,2.0%,6.8%,,Pomeroy School District,Low-Income
Al Grades Suppressed: <5.%,Al Grades ,Suppressed: <5.%,NA,Suppressed: <6.% Suppressed: <6.%,Suppressed: <6.%,Suppressed: <6.%,NA,,Pomeroy School District,Non-Low Income
Al Grades,Al Grades,NA,NA,12.1% 7.2% 25.2%,12.1%,7.2%,25.2%,,Port Angeles School District,Low-Income
Al Grades,Al Grades,NA,NA,4.8% 2.2% 9.3%,4.8%,2.2%,9.3%,,Port Angeles School District,Non-Low Income
Al Grades,Al Grades,NA,NA,7.5% 3.3% 1.5%,7.5%,3.3%,1.5%,,Port Townsend School District,Low-Income
Al Grades,Al Grades,NA,NA,3.4% 1.4% 0.8%,3.4%,1.4%,0.8%,,Port Townsend School District,Non-Low Income
Al Grades,Al Grades,NA,NA,14.2% 10.2% 31.8%,14.2%,10.2%,31.8%,,Prosser School District,Low-Income
Al Grades,Al Grades,NA,NA,4.2% 3.6% 11.8%,4.2%,3.6%,11.8%,,Prosser School District,Non-Low Income
Al Grades,Al Grades,NA,NA,6.5% 3.2% 8.0%,6.5%,3.2%,8.0%,,Pullman School District,Low-Income
Al Grades 1.0%,Al Grades ,1.0%,NA,0.4% 1.2%,0.4%,1.2%,NA,,Pullman School District,Non-Low Income
Al Grades,Al Grades,NA,NA,6.0% 3.9% 12.6%,6.0%,3.9%,12.6%,,Puyallup School District,Low-Income
Al Grades,Al Grades,NA,NA,2.9% 1.8% 5.8%,2.9%,1.8%,5.8%,,Puyallup School District,Non-Low Income
Al Grades,Al Grades,NA,NA,23.2% 16.1% 24.0%,23.2%,16.1%,24.0%,,Quillayute Valley School District,Low-Income
Al Grades,Al Grades,NA,NA,17.7% 11.6% 16.1%,17.7%,11.6%,16.1%,,Quillayute Valley School District,Non-Low Income
Al Grades 1.6%,Al Grades ,1.6%,NA,4.8% 2.5%,4.8%,2.5%,NA,,Quilcene School District,Low-Income
Al Grades 0.7%,Al Grades ,0.7%,NA,1.0% 1.6%,1.0%,1.6%,NA,,Quilcene School District,Non-Low Income
Al Grades,Al Grades,NA,NA,9.00% 11.6% 34.4%,9.00%,11.6%,34.4%,,Quileute Tribal School District,Low-Income
Al Grades Suppressed: N<10,Al Grades ,Suppressed: N<10,NA,Suppressed: N<10 Suppressed: N<10,Suppressed: N<10,Suppressed: N<10,NA,,Quileute Tribal School District,Non-Low Income
Al Grades,Al Grades,NA,NA,10.7% 5.4% 20.9%,10.7%,5.4%,20.9%,,Quincy School District,Low-Income
Al Grades,Al Grades,NA,NA,3.9% 2.7% 10.1%,3.9%,2.7%,10.1%,,Quincy School District,Non-Low Income
Al Grades,Al Grades,NA,NA,5.9% 4.4% 19.8%,5.9%,4.4%,19.8%,,Rainier School District,Low-Income
Al Grades,Al Grades,NA,NA,2.3% 1.0% 3.9%,2.3%,1.0%,3.9%,,Rainier School District,Non-Low Income
Al Grades,Al Grades,NA,NA,2.7% 0.8%,2.7%,0.8%,NA,,Rainier Valley Leadership Academy,Low-Income
Al Grades,Al Grades,NA,NA,* 10.8% 2.4%,* ,10.8%,2.4%,,Rainier Valley Leadership Academy,Non-Low Income
Al Grades,Al Grades,NA,NA,3.8% 3.0% 18.9%,3.8%,3.0%,18.9%,,Raymond School District,Low-Income
Al Grades,Al Grades,NA,NA,3.8% 1.4% 10.6%,3.8%,1.4%,10.6%,,Raymond School District,Non-Low Income
Al Grades,Al Grades,NA,NA,2.7% 1.5% 6.3%,2.7%,1.5%,6.3%,,Reardan-Edwall School District,Low-Income
Al Grades 1.3%,Al Grades ,1.3%,NA,0.4% 5.1%,0.4%,5.1%,NA,,Reardan-Edwall School District,Non-Low Income
Al Grades,Al Grades,NA,NA,13.1% 9.6% 3.6%,13.1%,9.6%,3.6%,,Renton School District,Low-Income
Al Grades,Al Grades,NA,NA,5.5% 2.8% 1.1%,5.5%,2.8%,1.1%,,Renton School District,Non-Low Income
Al Grades,Al Grades,NA,NA,4.5% 1.6% 2.10%,4.5%,1.6%,2.10%,,Republic School District,Low-Income
Al Grades,Al Grades,NA,NA,3.6% Suppressed: <10% Suppressed: N<10,3.6%,Suppressed: <10%,Suppressed: N<10,,Republic School District,Non-Low Income
Al Grades,Al Grades,NA,NA,12.2% 6.5% 19.8%,12.2%,6.5%,19.8%,,Richland School District,Low-Income
Al Grades,Al Grades,NA,NA,3.5% 2.2% 5.3%,3.5%,2.2%,5.3%,,Richland School District,Non-Low Income
Al Grades,Al Grades,NA,NA,9.7% 4.4% 21.9%,9.7%,4.4%,21.9%,,Ridgefield School District,Low-Income
Al Grades,Al Grades,NA,NA,3.2% 1.2% 5.8%,3.2%,1.2%,5.8%,,Ridgefield School District,Non-Low Income
Al Grades,Al Grades,NA,NA,10.9% 5.8% 13.8%,10.9%,5.8%,13.8%,,Ritzville School District,Low-Income
Al Grades,Al Grades,NA,NA,2.7% 1.6% 2.6%,2.7%,1.6%,2.6%,,Ritzville School District,Non-Low Income
Al Grades,Al Grades,NA,NA,2.9% 3.4% 13.7%,2.9%,3.4%,13.7%,,Riverside School District,Low-Income
Al Grades 1.3%,Al Grades ,1.3%,NA,1.3% 4.8%,1.3%,4.8%,NA,,Riverside School District,Non-Low Income
Al Grades,Al Grades,NA,NA,7.2% 3.5% Suppressed: <3.%,7.2%,3.5%,Suppressed: <3.%,,Riverview School District,Low-Income
Al Grades 1.6%,Al Grades ,1.6%,NA,0.9% Suppressed: <1.%,0.9%,Suppressed: <1.%,NA,,Riverview School District,Non-Low Income
Al Grades,Al Grades,NA,NA,12.6% 5.1% 12.5%,12.6%,5.1%,12.5%,,Rochester School District,Low-Income
Al Grades,Al Grades,NA,NA,6.2% 3.2% 7.0%,6.2%,3.2%,7.0%,,Rochester School District,Non-Low Income
Al Grades,Al Grades,NA,NA,2.5% 1.5% 8.8%,2.5%,1.5%,8.8%,,Rosalia School District,Low-Income
Al Grades Suppressed: <10%,Al Grades ,Suppressed: <10%,NA,Suppressed: <10% 3.5%,Suppressed: <10%,3.5%,NA,,Rosalia School District,Non-Low Income
Al Grades,Al Grades,NA,NA,7.3% 4.5% 13.4%,7.3%,4.5%,13.4%,,Royal School District,Low-Income
Al Grades,Al Grades,NA,NA,3.8% 2.2% 8.7%,3.8%,2.2%,8.7%,,Royal School District,Non-Low Income
Al Grades,Al Grades,NA,NA,8.0% 4.1% 17.7%,8.0%,4.1%,17.7%,,San Juan Island School District,Low-Income
Al Grades 1.8%,Al Grades ,1.8%,NA,1.5% 7.2%,1.5%,7.2%,NA,,San Juan Island School District,Non-Low Income
Al Grades,Al Grades,NA,NA,8.4% 3.7% Suppressed: <1.%,8.4%,3.7%,Suppressed: <1.%,,Seattle Public Schools,Low-Income
Al Grades,Al Grades,NA,NA,2.2% 1.0% Suppressed: <1.%,2.2%,1.0%,Suppressed: <1.%,,Seattle Public Schools,Non-Low Income
Al Grades,Al Grades,NA,NA,5.5% 3.5% 5.1%,5.5%,3.5%,5.1%,,Sedro-Woolley School District,Low-Income
Al Grades,Al Grades,NA,NA,3.0% 1.8% 1.8%,3.0%,1.8%,1.8%,,Sedro-Woolley School District,Non-Low Income
Al Grades,Al Grades,NA,NA,6.4% 3.7% 1.3%,6.4%,3.7%,1.3%,,Selah School District,Low-Income
Al Grades 2.0%,Al Grades ,2.0%,NA,1.1% 1.1%,1.1%,1.1%,NA,,Selah School District,Non-Low Income
Al Grades Suppressed: <10%,Al Grades ,Suppressed: <10%,NA,1.0% 2.0%,1.0%,2.0%,NA,,Selkirk School District,Low-Income
Al Grades Suppressed: <6.%,Al Grades ,Suppressed: <6.%,NA,Suppressed: <7.% Suppressed: <8.%,Suppressed: <7.%,Suppressed: <8.%,NA,,Selkirk School District,Non-Low Income
Al Grades,Al Grades,NA,NA,10.6% 5.2% Suppressed: <1.%,10.6%,5.2%,Suppressed: <1.%,,Sequim School District,Low-Income
Al Grades,Al Grades,NA,NA,5.1% 1.8% Suppressed: <1.%,5.1%,1.8%,Suppressed: <1.%,,Sequim School District,Non-Low Income
Al Grades,Al Grades,NA,NA,12.8% 11.2% Suppressed: <1.%,12.8%,11.2%,Suppressed: <1.%,,Shelton School District,Low-Income
Al Grades,Al Grades,NA,NA,7.6% 6.3% Suppressed: <1.%,7.6%,6.3%,Suppressed: <1.%,,Shelton School District,Non-Low Income
Al Grades,Al Grades,NA,NA,9.7% 5.2% Suppressed: <1.%,9.7%,5.2%,Suppressed: <1.%,,Shoreline School District,Low-Income
Al Grades,Al Grades,NA,NA,2.8% 1.3% Suppressed: <1.%,2.8%,1.3%,Suppressed: <1.%,,Shoreline School District,Non-Low Income
Al Grades,Al Grades,NA,NA,7.8% 3.9% 10.1%,7.8%,3.9%,10.1%,,Snohomish School District,Low-Income
Al Grades,Al Grades,NA,NA,2.2% 1.0% 2.7%,2.2%,1.0%,2.7%,,Snohomish School District,Non-Low Income
Al Grades,Al Grades,NA,NA,4.5% 3.2% Suppressed: <1.%,4.5%,3.2%,Suppressed: <1.%,,Snoqualmie Valley School District,Low-Income
Al Grades 2.0%,Al Grades ,2.0%,NA,0.5% Suppressed: <1.%,0.5%,Suppressed: <1.%,NA,,Snoqualmie Valley School District,Non-Low Income
Al Grades,Al Grades,NA,NA,17.0% 7.9% 19.9%,17.0%,7.9%,19.9%,,Soap Lake School District,Low-Income
Al Grades,Al Grades,NA,NA,10.1% 5.0% 26.8%,10.1%,5.0%,26.8%,,Soap Lake School District,Non-Low Income
Al Grades,Al Grades,NA,NA,4.0% 2.5% 18.0%,4.0%,2.5%,18.0%,,South Bend School District,Low-Income
Al Grades,Al Grades,NA,NA,4.7% 1.5% 4.5%,4.7%,1.5%,4.5%,,South Bend School District,Non-Low Income
Al Grades,Al Grades,NA,NA,11.7% 6.1% 25.2%,11.7%,6.1%,25.2%,,South Kitsap School District,Low-Income
Al Grades,Al Grades,NA,NA,4.8% 4.7% 11.9%,4.8%,4.7%,11.9%,,South Kitsap School District,Non-Low Income
Al Grades,Al Grades,NA,NA,4.2% 3.6% 11.3%,4.2%,3.6%,11.3%,,South Whidbey School District,Low-Income
Al Grades 1.1%,Al Grades ,1.1%,NA,0.6% 3.0%,0.6%,3.0%,NA,,South Whidbey School District,Non-Low Income
Al Grades,Al Grades,NA,NA,11.7% 5.9% 8.7%,11.7%,5.9%,8.7%,,Spokane Public Schools,Low-Income
Al Grades,Al Grades,NA,NA,3.4% 1.8% 3.0%,3.4%,1.8%,3.0%,,Spokane Public Schools,Non-Low Income
Al Grades 0.9%,Al Grades ,0.9%,NA,1.7% 13.6%,1.7%,13.6%,NA,,Sprague School District,Low-Income
Al Grades,Al Grades,NA,NA,4.7% 1.3% 3.7%,4.7%,1.3%,3.7%,,Sprague School District,Non-Low Income
Al Grades,Al Grades,NA,NA,2.2% 2.9% 9.3%,2.2%,2.9%,9.3%,,St. John School District,Low-Income
Al Grades Suppressed: <8.%,Al Grades ,Suppressed: <8.%,NA,Suppressed: <9.% Suppressed: <10%,Suppressed: <9.%,Suppressed: <10%,NA,,St. John School District,Non-Low Income
Al Grades,Al Grades,NA,NA,7.4% 2.3% 19.2%,7.4%,2.3%,19.2%,,Stanwood-Camano School District,Low-Income
Al Grades 2.7%,Al Grades ,2.7%,NA,1.0% 5.9%,1.0%,5.9%,NA,,Stanwood-Camano School District,Non-Low Income
Al Grades,Al Grades,NA,NA,8.2% 4.5% 4.5%,8.2%,4.5%,4.5%,,Steilacoom Historical School District,Low-Income
Al Grades 1.8%,Al Grades ,1.8%,NA,1.5% 1.2%,1.5%,1.2%,NA,,Steilacoom Historical School District,Non-Low Income
Al Grades,Al Grades,NA,NA,6.2% 3.0% 21.5%,6.2%,3.0%,21.5%,,Stevenson-Carson School District,Low-Income
Al Grades,Al Grades,NA,NA,2.9% 1.9% 10.0%,2.9%,1.9%,10.0%,,Stevenson-Carson School District,Non-Low Income
Al Grades,Al Grades,NA,NA,13.8% 8.4% 36.5%,13.8%,8.4%,36.5%,,Sultan School District,Low-Income
Al Grades,Al Grades,NA,NA,8.2% 6.5% 25.9%,8.2%,6.5%,25.9%,,Sultan School District,Non-Low Income
Al Grades,Al Grades,NA,NA,9.9% 4.3% 15.7%,9.9%,4.3%,15.7%,,Sumner School District,Low-Income
Al Grades,Al Grades,NA,NA,2.7% 1.0% 4.5%,2.7%,1.0%,4.5%,,Sumner School District,Non-Low Income
Al Grades,Al Grades,NA,NA,12.9% 20.6% 18.7%,12.9%,20.6%,18.7%,,Sunnyside School District,Low-Income
Al Grades,Al Grades,NA,NA,7.6% 7.6% 11.8%,7.6%,7.6%,11.8%,,Sunnyside School District,Non-Low Income
Al Grades 2.5%,Al Grades ,2.5%,NA,1.4% 14.6%,1.4%,14.6%,NA,,Suquamish Tribal Education Department,Low-Income
Al Grades Suppressed: <10%,Al Grades ,Suppressed: <10%,NA,Suppressed: <10% 20.6%,Suppressed: <10%,20.6%,NA,,Suquamish Tribal Education Department,Non-Low Income
Al Grades,Al Grades,NA,NA,12.1% 6.9% 18.1%,12.1%,6.9%,18.1%,,Tacoma Public Schools,Low-Income
Al Grades,Al Grades,NA,NA,4.4% 2.4% 6.7%,4.4%,2.4%,6.7%,,Tacoma Public Schools,Non-Low Income
Al Grades,Al Grades,NA,NA,12.0% 3.3% 13.5%,12.0%,3.3%,13.5%,,Taholah School District,Low-Income
Al Grades,Al Grades,NA,NA,7.9% 3.0% 9.6%,7.9%,3.0%,9.6%,,Taholah School District,Non-Low Income
Al Grades,Al Grades,NA,NA,11.8% 6.9% 27.0%,11.8%,6.9%,27.0%,,Tahoma School District,Low-Income
Al Grades,Al Grades,NA,NA,3.6% 1.7% 8.1%,3.6%,1.7%,8.1%,,Tahoma School District,Non-Low Income
Al Grades Suppressed: <10%,Al Grades ,Suppressed: <10%,NA,0.8% Suppressed: <7.%,0.8%,Suppressed: <7.%,NA,,Tekoa School District,Low-Income
Al Grades Suppressed: <10%,Al Grades ,Suppressed: <10%,NA,Suppressed: <10% Suppressed: <10%,Suppressed: <10%,Suppressed: <10%,NA,,Tekoa School District,Non-Low Income
Al Grades,Al Grades,NA,NA,13.0% 6.8% 10.4%,13.0%,6.8%,10.4%,,Tenino School District,Low-Income
Al Grades,Al Grades,NA,NA,6.3% 2.2% 5.8%,6.3%,2.2%,5.8%,,Tenino School District,Non-Low Income
Al Grades,Al Grades,NA,NA,5.5% 5.1% 12.7%,5.5%,5.1%,12.7%,,Toledo School District,Low-Income
Al Grades 1.8%,Al Grades ,1.8%,NA,1.7% 5.5%,1.7%,5.5%,NA,,Toledo School District,Non-Low Income
Al Grades,Al Grades,NA,NA,11.8% 4.7% 10.5%,11.8%,4.7%,10.5%,,Tonasket School District,Low-Income
Al Grades 2.0%,Al Grades ,2.0%,NA,0.9% 5.0%,0.9%,5.0%,NA,,Tonasket School District,Non-Low Income
Al Grades,Al Grades,NA,NA,10.3% 3.0% 0.2%,10.3%,3.0%,0.2%,,Toppenish School District,Low-Income
Al Grades 1.7%,Al Grades ,1.7%,NA,1.4% 0.6%,1.4%,0.6%,NA,,Toppenish School District,Non-Low Income
Al Grades,Al Grades,NA,NA,2.5% Suppressed: <10% 4.3%,2.5%,Suppressed: <10%,4.3%,,Touchet School District,Low-Income
Al Grades,Al Grades,NA,NA,4.4% Suppressed: <10% 2.2%,4.4%,Suppressed: <10%,2.2%,,Touchet School District,Non-Low Income
Al Grades,Al Grades,NA,NA,9.1% 5.0% 27.5%,9.1%,5.0%,27.5%,,Toutle Lake School District,Low-Income
Al Grades,Al Grades,NA,NA,4.2% 3.3% 7.6%,4.2%,3.3%,7.6%,,Toutle Lake School District,Non-Low Income
Al Grades,Al Grades,NA,NA,11.6% 5.7% 4.1%,11.6%,5.7%,4.1%,,Tukwila School District,Low-Income
Al Grades,Al Grades,NA,NA,6.6% 4.4% 2.6%,6.6%,4.4%,2.6%,,Tukwila School District,Non-Low Income
Al Grades,Al Grades,NA,NA,13.8% 6.0% 4.4%,13.8%,6.0%,4.4%,,Tumwater School District,Low-Income
Al Grades,Al Grades,NA,NA,4.3% 1.8% 1.5%,4.3%,1.8%,1.5%,,Tumwater School District,Non-Low Income
Al Grades,Al Grades,NA,NA,10.7% 4.8% 18.9%,10.7%,4.8%,18.9%,,University Place School District,Low-Income
Al Grades,Al Grades,NA,NA,3.3% 1.6% 7.4%,3.3%,1.6%,7.4%,,University Place School District,Non-Low Income
Al Grades Suppressed: <10%,Al Grades ,Suppressed: <10%,NA,1.3% 4.2%,1.3%,4.2%,NA,,Valley School District,Low-Income
Al Grades 1.4%,Al Grades ,1.4%,NA,Suppressed: <10% 3.0%,Suppressed: <10%,3.0%,NA,,Valley School District,Non-Low Income
Al Grades,Al Grades,NA,NA,12.7% 6.3% 22.3%,12.7%,6.3%,22.3%,,Vancouver Public Schools,Low-Income
Al Grades,Al Grades,NA,NA,4.3% 2.0% 8.2%,4.3%,2.0%,8.2%,,Vancouver Public Schools,Non-Low Income
Al Grades,Al Grades,NA,NA,6.3% 1.3% 13.0%,6.3%,1.3%,13.0%,,Vashon Island School District,Low-Income
Al Grades 0.9%,Al Grades ,0.9%,NA,0.3% 2.7%,0.3%,2.7%,NA,,Vashon Island School District,Non-Low Income
Al Grades,Al Grades,NA,NA,4.7% 0.9% 6.7%,4.7%,0.9%,6.7%,,Wahkiakum School District,Low-Income
Al Grades 1.3%,Al Grades ,1.3%,NA,Suppressed: <4.% 2.1%,Suppressed: <4.%,2.1%,NA,,Wahkiakum School District,Non-Low Income
Al Grades,Al Grades,NA,NA,9.3% 2.1% 8.7%,9.3%,2.1%,8.7%,,Wahluke School District,Low-Income
Al Grades,Al Grades,NA,NA,12.4% 4.1% 13.9%,12.4%,4.1%,13.9%,,Wahluke School District,Non-Low Income
Al Grades 1.2%,Al Grades ,1.2%,NA,4.6% 9.8%,4.6%,9.8%,NA,,Waitsburg School District,Low-Income
Al Grades,Al Grades,NA,NA,3.4% 2.8% Suppressed: <8.%,3.4%,2.8%,Suppressed: <8.%,,Waitsburg School District,Non-Low Income
Al Grades,Al Grades,NA,NA,12.3% 2.3% 15.8%,12.3%,2.3%,15.8%,,Walla Walla Public Schools,Low-Income
Al Grades,Al Grades,NA,NA,3.3% 0.7% 6.5%,3.3%,0.7%,6.5%,,Walla Walla Public Schools,Non-Low Income
Al Grades,Al Grades,NA,NA,15.3% 8.7% 18.9%,15.3%,8.7%,18.9%,,Wapato School District,Low-Income
Al Grades,Al Grades,NA,NA,12.7% 4.5% 11.1%,12.7%,4.5%,11.1%,,Wapato School District,Non-Low Income
Al Grades,Al Grades,NA,NA,6.1% 3.2% 17.0%,6.1%,3.2%,17.0%,,Warden School District,Low-Income
Al Grades,Al Grades,NA,NA,5.7% 3.0% 23.6%,5.7%,3.0%,23.6%,,Warden School District,Non-Low Income
Al Grades Suppressed: <10%,Al Grades ,Suppressed: <10%,NA,Suppressed: <10% 6.0%,Suppressed: <10%,6.0%,NA,,Washington Center for Deaf and Hard of Hearing Youth,Low-Income
Al Grades 1.5%,Al Grades ,1.5%,NA,Suppressed: <10% Suppressed: <10%,Suppressed: <10%,Suppressed: <10%,NA,,Washington Center for Deaf and Hard of Hearing Youth,Non-Low Income
Al Grades,Al Grades,NA,NA,10.8% 6.1% 12.5%,10.8%,6.1%,12.5%,,Washington State,Low-Income
Al Grades,Al Grades,NA,NA,3.7% 2.0% 3.9%,3.7%,2.0%,3.9%,,Washington State,Non-Low Income
Al Grades,Al Grades,NA,NA,8.8% 7.9% 24.5%,8.8%,7.9%,24.5%,,Washougal School District,Low-Income
Al Grades,Al Grades,NA,NA,2.6% 2.3% 7.3%,2.6%,2.3%,7.3%,,Washougal School District,Non-Low Income
Al Grades,Al Grades,NA,NA,8.50% 4.80% 5.3%,8.50%,4.80%,5.3%,,Washtucna School District,Low-Income
Al Grades Suppressed: N<10,Al Grades ,Suppressed: N<10,NA,Suppressed: N<10 Suppressed: <10%,Suppressed: N<10,Suppressed: <10%,NA,,Washtucna School District,Non-Low Income
Al Grades,Al Grades,NA,NA,5.5% 2.5% 10.8%,5.5%,2.5%,10.8%,,Waterville School District,Low-Income
Al Grades 1.1%,Al Grades ,1.1%,NA,Suppressed: <7.% 7.0%,Suppressed: <7.%,7.0%,NA,,Waterville School District,Non-Low Income
Al Grades,Al Grades,NA,NA,16.3% 4.4% 15.9%,16.3%,4.4%,15.9%,,Wellpinit School District,Low-Income
Al Grades,Al Grades,NA,NA,3.7% Suppressed: <5.% Suppressed: <10%,3.7%,Suppressed: <5.%,Suppressed: <10%,,Wellpinit School District,Non-Low Income
Al Grades,Al Grades,NA,NA,6.3% 3.9% 15.8%,6.3%,3.9%,15.8%,,Wenatchee School District,Low-Income
Al Grades 1.7%,Al Grades ,1.7%,NA,1.5% 5.3%,1.5%,5.3%,NA,,Wenatchee School District,Non-Low Income
Al Grades 3.0%,Al Grades ,3.0%,NA,2.3% 5.5%,2.3%,5.5%,NA,,West Valley School District (Spokane),Low-Income
Al Grades 2.0%,Al Grades ,2.0%,NA,1.5% 4.5%,1.5%,4.5%,NA,,West Valley School District (Spokane),Non-Low Income
Al Grades,Al Grades,NA,NA,11.8% 7.0% 24.6%,11.8%,7.0%,24.6%,,West Valley School District (Yakima),Low-Income
Al Grades 4.7%,Al Grades ,4.7%,NA,2.2% 7.2%,2.2%,7.2%,NA,,West Valley School District (Yakima),Non-Low Income
Al Grades,Al Grades,NA,NA,9.7% 4.0% 20.8%,9.7%,4.0%,20.8%,,White Pass School District,Low-Income
Al Grades,Al Grades,NA,NA,3.7% 2.2% 10.8%,3.7%,2.2%,10.8%,,White Pass School District,Non-Low Income
Al Grades,Al Grades,NA,NA,8.3% 4.5% 8.4%,8.3%,4.5%,8.4%,,White River School District,Low-Income
Al Grades,Al Grades,NA,NA,2.1% 1.4% 1.9%,2.1%,1.4%,1.9%,,White River School District,Non-Low Income
Al Grades 4.4%,Al Grades ,4.4%,NA,3.6% 18.4%,3.6%,18.4%,NA,,White Salmon Valley School District,Low-Income
Al Grades 1.8%,Al Grades ,1.8%,NA,1.3% 5.2%,1.3%,5.2%,NA,,White Salmon Valley School District,Non-Low Income
Al Grades 0.7%,Al Grades ,0.7%,NA,Suppressed: <7.% 1.7%,Suppressed: <7.%,1.7%,NA,,Willapa Valley School District,Low-Income
Al Grades Suppressed: <4.%,Al Grades ,Suppressed: <4.%,NA,Suppressed: <4.% Suppressed: <4.%,Suppressed: <4.%,Suppressed: <4.%,NA,,Willapa Valley School District,Non-Low Income
Al Grades,Al Grades,NA,NA,2.4% 2.8% 9.0%,2.4%,2.8%,9.0%,,Wilbur School District,Low-Income
Al Grades,Al Grades,NA,NA,2.0% Suppressed: <6.% 4.5%,2.0%,Suppressed: <6.%,4.5%,,Wilbur School District,Non-Low Income
Al Grades,Al Grades,NA,NA,10.7% Suppressed: <10% 14.6%,10.7%,Suppressed: <10%,14.6%,,Wilson Creek School District,Low-Income
Al Grades 1.7%,Al Grades ,1.7%,NA,1.6% 5.3%,1.6%,5.3%,NA,,Wilson Creek School District,Non-Low Income
Al Grades,Al Grades,NA,NA,3.8% 1.7% 4.6%,3.8%,1.7%,4.6%,,Winlock School District,Low-Income
Al Grades,Al Grades,NA,NA,9.2% 3.6% 5.7%,9.2%,3.6%,5.7%,,Winlock School District,Non-Low Income
Al Grades,Al Grades,NA,NA,7.1% 2.9% 8.5%,7.1%,2.9%,8.5%,,Wishkah Valley School District,Low-Income
Al Grades,Al Grades,NA,NA,2.8% 0.9% 6.3%,2.8%,0.9%,6.3%,,Wishkah Valley School District,Non-Low Income
Al Grades Suppressed: <10%,Al Grades ,Suppressed: <10%,NA,Suppressed: <10% 3.40%,Suppressed: <10%,3.40%,NA,,Wishram School District,Low-Income
Al Grades Suppressed: N<10,Al Grades ,Suppressed: N<10,NA,Suppressed: N<10 Suppressed: N<10,Suppressed: N<10,Suppressed: N<10,NA,,Wishram School District,Non-Low Income
Al Grades,Al Grades,NA,NA,6.4% 5.0% 11.9%,6.4%,5.0%,11.9%,,Woodland School District,Low-Income
Al Grades,Al Grades,NA,NA,4.4% 2.1% 4.8%,4.4%,2.1%,4.8%,,Woodland School District,Non-Low Income
Al Grades,Al Grades,NA,NA,19.0% 8.9% 0.6%,19.0%,8.9%,0.6%,,Yakima School District,Low-Income
Al Grades,Al Grades,NA,NA,9.3% 4.4% 0.4%,9.3%,4.4%,0.4%,,Yakima School District,Non-Low Income
Al Grades,Al Grades,NA,NA,9.4% 6.2% 22.4%,9.4%,6.2%,22.4%,,Yelm Community Schools,Low-Income
Al Grades,Al Grades,NA,NA,3.9% 2.9% 11.3%,3.9%,2.9%,11.3%,,Yelm Community Schools,Non-Low Income
Al Grades,Al Grades,NA,NA,8.1% 6.4% 11.2%,8.1%,6.4%,11.2%,,Zillah School District,Low-Income
Al Grades 1.6%,Al Grades ,1.6%,NA,0.9% 6.0%,0.9%,6.0%,NA,,Zillah School District,Non-Low Income